{
  "best_epoch": 1,
  "peak_cpu_memory_MB": 5427.296,
  "training_duration": "0:14:54.484733",
  "training_start_epoch": 0,
  "training_epochs": 1,
  "epoch": 1,
  "training_accuracy": 0.8104743083003952,
  "training_precision": 0.8604864478111267,
  "training_recall": 0.7411067485809326,
  "training_fscore": 0.7963473796844482,
  "training_s_precision": 0.7436665268764648,
  "training_s_recall": 0.8112504899509179,
  "training_s_fmeasure": 0.7759892518572626,
  "training_loss": 0.4085676774853154,
  "training_cpu_memory_MB": 5427.296,
  "validation_accuracy": 0.7896825396825397,
  "validation_precision": 0.7829457521438599,
  "validation_recall": 0.8015872836112976,
  "validation_fscore": 0.7921568751335144,
  "validation_s_precision": 0.7439386735949645,
  "validation_s_recall": 0.8112363918603398,
  "validation_s_fmeasure": 0.7761309330025705,
  "validation_loss": 0.5176416598260403,
  "best_validation_accuracy": 0.7896825396825397,
  "best_validation_precision": 0.7829457521438599,
  "best_validation_recall": 0.8015872836112976,
  "best_validation_fscore": 0.7921568751335144,
  "best_validation_s_precision": 0.7439386735949645,
  "best_validation_s_recall": 0.8112363918603398,
  "best_validation_s_fmeasure": 0.7761309330025705,
  "best_validation_loss": 0.5176416598260403
}