{
  "best_epoch": 5,
  "peak_cpu_memory_MB": 6128.264,
  "training_duration": "0:43:28.443649",
  "training_start_epoch": 0,
  "training_epochs": 5,
  "epoch": 5,
  "training_accuracy": 0.8773386034255599,
  "training_precision": 0.8783355355262756,
  "training_recall": 0.8760210871696472,
  "training_fscore": 0.877176821231842,
  "training_s_precision": 0.8267203773491114,
  "training_s_recall": 0.857894736823524,
  "training_s_fmeasure": 0.8420186113450406,
  "training_loss": 0.3630812365757792,
  "training_cpu_memory_MB": 6128.264,
  "validation_accuracy": 0.75,
  "validation_precision": 0.7519999742507935,
  "validation_recall": 0.7460317611694336,
  "validation_fscore": 0.7490039467811584,
  "validation_s_precision": 0.826539534479191,
  "validation_s_recall": 0.8575686884210824,
  "validation_s_fmeasure": 0.8417677605147408,
  "validation_loss": 0.5661386027932167,
  "best_validation_accuracy": 0.75,
  "best_validation_precision": 0.7519999742507935,
  "best_validation_recall": 0.7460317611694336,
  "best_validation_fscore": 0.7490039467811584,
  "best_validation_s_precision": 0.826539534479191,
  "best_validation_s_recall": 0.8575686884210824,
  "best_validation_s_fmeasure": 0.8417677605147408,
  "best_validation_loss": 0.5661386027932167
}