{
  "best_epoch": 7,
  "peak_cpu_memory_MB": 6623.244,
  "training_duration": "0:57:53.562832",
  "training_start_epoch": 0,
  "training_epochs": 7,
  "epoch": 7,
  "training_accuracy": 0.8715415019762845,
  "training_precision": 0.8776111602783203,
  "training_recall": 0.8635045886039734,
  "training_fscore": 0.8705006837844849,
  "training_s_precision": 0.8378331465949563,
  "training_s_recall": 0.8619200675162833,
  "training_s_fmeasure": 0.84970544127534,
  "training_loss": 0.36498158147460535,
  "training_cpu_memory_MB": 6623.244,
  "validation_accuracy": 0.753968253968254,
  "validation_precision": 0.780701756477356,
  "validation_recall": 0.7063491940498352,
  "validation_fscore": 0.7416666150093079,
  "validation_s_precision": 0.8376880069164865,
  "validation_s_recall": 0.8616673146568548,
  "validation_s_fmeasure": 0.8495079769635349,
  "validation_loss": 0.5604109019041061,
  "best_validation_accuracy": 0.753968253968254,
  "best_validation_precision": 0.780701756477356,
  "best_validation_recall": 0.7063491940498352,
  "best_validation_fscore": 0.7416666150093079,
  "best_validation_s_precision": 0.8376880069164865,
  "best_validation_s_recall": 0.8616673146568548,
  "best_validation_s_fmeasure": 0.8495079769635349,
  "best_validation_loss": 0.5604109019041061
}