{
  "best_epoch": 6,
  "peak_cpu_memory_MB": 6440.372,
  "training_duration": "0:50:37.477202",
  "training_start_epoch": 0,
  "training_epochs": 6,
  "epoch": 6,
  "training_accuracy": 0.878524374176548,
  "training_precision": 0.8772321343421936,
  "training_recall": 0.8802371621131897,
  "training_fscore": 0.8787320852279663,
  "training_s_precision": 0.8329028091552236,
  "training_s_recall": 0.8616523772248514,
  "training_s_fmeasure": 0.8470332129133511,
  "training_loss": 0.3592685554529491,
  "training_cpu_memory_MB": 6440.372,
  "validation_accuracy": 0.75,
  "validation_precision": 0.7266187071800232,
  "validation_recall": 0.8015872836112976,
  "validation_fscore": 0.7622641324996948,
  "validation_s_precision": 0.8326503587704195,
  "validation_s_recall": 0.8614937421154282,
  "validation_s_fmeasure": 0.8468260163498429,
  "validation_loss": 0.5640943497419357,
  "best_validation_accuracy": 0.75,
  "best_validation_precision": 0.7266187071800232,
  "best_validation_recall": 0.8015872836112976,
  "best_validation_fscore": 0.7622641324996948,
  "best_validation_s_precision": 0.8326503587704195,
  "best_validation_s_recall": 0.8614937421154282,
  "best_validation_s_fmeasure": 0.8468260163498429,
  "best_validation_loss": 0.5640943497419357
}