{
  "best_epoch": 9,
  "peak_cpu_memory_MB": 6759.232,
  "training_duration": "1:11:23.728924",
  "training_start_epoch": 0,
  "training_epochs": 9,
  "epoch": 9,
  "training_accuracy": 0.8774703557312253,
  "training_precision": 0.8846670389175415,
  "training_recall": 0.8681159615516663,
  "training_fscore": 0.876313328742981,
  "training_s_precision": 0.8456784628775617,
  "training_s_recall": 0.8633200924155138,
  "training_s_fmeasure": 0.8544077223005049,
  "training_loss": 0.36243654960080196,
  "training_cpu_memory_MB": 6759.232,
  "validation_accuracy": 0.7063492063492064,
  "validation_precision": 0.7096773982048035,
  "validation_recall": 0.6984127163887024,
  "validation_fscore": 0.7039999961853027,
  "validation_s_precision": 0.8454643559849494,
  "validation_s_recall": 0.8630508035139575,
  "validation_s_fmeasure": 0.8541665675427147,
  "validation_loss": 0.6073558144271374,
  "best_validation_accuracy": 0.7063492063492064,
  "best_validation_precision": 0.7096773982048035,
  "best_validation_recall": 0.6984127163887024,
  "best_validation_fscore": 0.7039999961853027,
  "best_validation_s_precision": 0.8454643559849494,
  "best_validation_s_recall": 0.8630508035139575,
  "best_validation_s_fmeasure": 0.8541665675427147,
  "best_validation_loss": 0.6073558144271374
}