{
  "best_epoch": 2,
  "peak_cpu_memory_MB": 6094.256,
  "training_duration": "0:21:58.055613",
  "training_start_epoch": 0,
  "training_epochs": 2,
  "epoch": 2,
  "training_accuracy": 0.8789855072463768,
  "training_precision": 0.8764559626579285,
  "training_recall": 0.8823451995849609,
  "training_fscore": 0.8793907165527344,
  "training_s_precision": 0.784622283795319,
  "training_s_recall": 0.8359829727723055,
  "training_s_fmeasure": 0.8094882599056975,
  "training_loss": 0.37083814752729316,
  "training_cpu_memory_MB": 6094.256,
  "validation_accuracy": 0.753968253968254,
  "validation_precision": 0.7388059496879578,
  "validation_recall": 0.7857142686843872,
  "validation_fscore": 0.7615384459495544,
  "validation_s_precision": 0.7843964153609182,
  "validation_s_recall": 0.8356661482272478,
  "validation_s_fmeasure": 0.80921952180211,
  "validation_loss": 0.5539083369076252,
  "best_validation_accuracy": 0.753968253968254,
  "best_validation_precision": 0.7388059496879578,
  "best_validation_recall": 0.7857142686843872,
  "best_validation_fscore": 0.7615384459495544,
  "best_validation_s_precision": 0.7843964153609182,
  "best_validation_s_recall": 0.8356661482272478,
  "best_validation_s_fmeasure": 0.80921952180211,
  "best_validation_loss": 0.5539083369076252
}