{
  "best_epoch": 0,
  "peak_cpu_memory_MB": 1580.612,
  "training_duration": "0:07:35.750313",
  "training_start_epoch": 0,
  "training_epochs": 0,
  "epoch": 0,
  "training_accuracy": 0.7212121212121212,
  "training_precision": 0.7350224256515503,
  "training_recall": 0.6918313503265381,
  "training_fscore": 0.7127731442451477,
  "training_s_precision": 0.7081060980778252,
  "training_s_recall": 0.7527009221669695,
  "training_s_fmeasure": 0.7297223257658696,
  "training_loss": 0.5100066152371858,
  "training_cpu_memory_MB": 1580.612,
  "validation_accuracy": 0.7619047619047619,
  "validation_precision": 0.7946428656578064,
  "validation_recall": 0.7063491940498352,
  "validation_fscore": 0.7478991150856018,
  "validation_s_precision": 0.708984374913454,
  "validation_s_recall": 0.7527216173207981,
  "validation_s_fmeasure": 0.7301981425488112,
  "validation_loss": 0.5425620898604393,
  "best_validation_accuracy": 0.7619047619047619,
  "best_validation_precision": 0.7946428656578064,
  "best_validation_recall": 0.7063491940498352,
  "best_validation_fscore": 0.7478991150856018,
  "best_validation_s_precision": 0.708984374913454,
  "best_validation_s_recall": 0.7527216173207981,
  "best_validation_s_fmeasure": 0.7301981425488112,
  "best_validation_loss": 0.5425620898604393
}