{
  "best_epoch": 4,
  "peak_cpu_memory_MB": 6094.972,
  "training_duration": "0:36:24.701518",
  "training_start_epoch": 0,
  "training_epochs": 4,
  "epoch": 4,
  "training_accuracy": 0.8729907773386034,
  "training_precision": 0.8768636584281921,
  "training_recall": 0.8678524494171143,
  "training_fscore": 0.8723347783088684,
  "training_s_precision": 0.8178897025651898,
  "training_s_recall": 0.8538773599403475,
  "training_s_fmeasure": 0.8354956834168462,
  "training_loss": 0.36182752483769465,
  "training_cpu_memory_MB": 6094.972,
  "validation_accuracy": 0.7182539682539683,
  "validation_precision": 0.7165354490280151,
  "validation_recall": 0.7222222089767456,
  "validation_fscore": 0.7193676233291626,
  "validation_s_precision": 0.817522778598835,
  "validation_s_recall": 0.8535251425387889,
  "validation_s_fmeasure": 0.8351356292516466,
  "validation_loss": 0.5895397365093231,
  "best_validation_accuracy": 0.7182539682539683,
  "best_validation_precision": 0.7165354490280151,
  "best_validation_recall": 0.7222222089767456,
  "best_validation_fscore": 0.7193676233291626,
  "best_validation_s_precision": 0.817522778598835,
  "best_validation_s_recall": 0.8535251425387889,
  "best_validation_s_fmeasure": 0.8351356292516466,
  "best_validation_loss": 0.5895397365093231
}