{
  "best_epoch": 3,
  "peak_cpu_memory_MB": 6094.848,
  "training_duration": "0:29:05.222906",
  "training_start_epoch": 0,
  "training_epochs": 3,
  "epoch": 3,
  "training_accuracy": 0.8805006587615283,
  "training_precision": 0.8792017102241516,
  "training_recall": 0.8822134137153625,
  "training_fscore": 0.8807049989700317,
  "training_s_precision": 0.8054604349589554,
  "training_s_recall": 0.8494046456877674,
  "training_s_fmeasure": 0.826848581130451,
  "training_loss": 0.36158335729649194,
  "training_cpu_memory_MB": 6094.848,
  "validation_accuracy": 0.7341269841269841,
  "validation_precision": 0.7286821603775024,
  "validation_recall": 0.7460317611694336,
  "validation_fscore": 0.7372549176216125,
  "validation_s_precision": 0.805156096337108,
  "validation_s_recall": 0.8489826334613471,
  "validation_s_fmeasure": 0.8264882714582079,
  "validation_loss": 0.582130640745163,
  "best_validation_accuracy": 0.7341269841269841,
  "best_validation_precision": 0.7286821603775024,
  "best_validation_recall": 0.7460317611694336,
  "best_validation_fscore": 0.7372549176216125,
  "best_validation_s_precision": 0.805156096337108,
  "best_validation_s_recall": 0.8489826334613471,
  "best_validation_s_fmeasure": 0.8264882714582079,
  "best_validation_loss": 0.582130640745163
}