{
  "best_epoch": 8,
  "peak_cpu_memory_MB": 6623.344,
  "training_duration": "1:04:45.507970",
  "training_start_epoch": 0,
  "training_epochs": 8,
  "epoch": 8,
  "training_accuracy": 0.8751646903820817,
  "training_precision": 0.8825742602348328,
  "training_recall": 0.865480899810791,
  "training_fscore": 0.8739439845085144,
  "training_s_precision": 0.8419059684566174,
  "training_s_recall": 0.8628206237793529,
  "training_s_fmeasure": 0.8522344991372062,
  "training_loss": 0.3633983187926443,
  "training_cpu_memory_MB": 6623.344,
  "validation_accuracy": 0.7420634920634921,
  "validation_precision": 0.7440000176429749,
  "validation_recall": 0.738095223903656,
  "validation_fscore": 0.7410358190536499,
  "validation_s_precision": 0.8417436027030657,
  "validation_s_recall": 0.8625799204990702,
  "validation_s_fmeasure": 0.8520338937986378,
  "validation_loss": 0.5749850869178772,
  "best_validation_accuracy": 0.7420634920634921,
  "best_validation_precision": 0.7440000176429749,
  "best_validation_recall": 0.738095223903656,
  "best_validation_fscore": 0.7410358190536499,
  "best_validation_s_precision": 0.8417436027030657,
  "best_validation_s_recall": 0.8625799204990702,
  "best_validation_s_fmeasure": 0.8520338937986378,
  "best_validation_loss": 0.5749850869178772
}